活用サポート,organic,1,NPO法人あおもりIT活用サポートセンターhttps://aoit.jp,https://aoit.jp/
活用サポート,organic,2,複合機活用サポートパック：IT環境運用支援サービス：富士 ...https://www.fujifilm.com › solution › mvs › mfp_support,https://www.fujifilm.com/fb/solution/mvs/it_environment/mfp_support
活用サポート,organic,3,データ活用サポートプログラム | データ活用促進支援事業 ...https://www.tokyo-kosha.or.jp › servicekaizen › model,https://www.tokyo-kosha.or.jp/support/servicekaizen/model.html
活用サポート,organic,4,知財活用サポート - 新産業創造研究機構https://www.niro.or.jp › support,https://www.niro.or.jp/support/
活用サポート,organic,5,会社概要 - 助成金活用サポートhttp://joseikin.gerbera.co.jp › company_overview,http://joseikin.gerbera.co.jp/company_overview
活用サポート,organic,6,NPO法人 空家・空地活用サポートSAGA｜空き家、空き地問題 ...https://sora-sora-saga.com,https://sora-sora-saga.com/
活用サポート,organic,7,京都市：新型コロナウイルス感染症に係る中小企業等支援策 ...https://www.city.kyoto.lg.jp › sankan › page,https://www.city.kyoto.lg.jp/sankan/page/0000275390.html
活用サポート,organic,8,「香川県空き家利活用サポートチーム」の登録制度についてhttps://akiya.pref.kagawa.lg.jp › aps › info21,https://akiya.pref.kagawa.lg.jp/aps/info21.html
活用サポート,organic,9,特定非営利活動法人あおもりIT活用サポートセンター | NPO ...https://www.npo-homepage.go.jp › npoportal › detail,https://www.npo-homepage.go.jp/npoportal/detail/002000397
活用サポート,organic,10,新型コロナウイルス支援制度活用サポートセンターhttps://www.city.kamaishi.iwate.jp › file_contents,https://www.city.kamaishi.iwate.jp/docs/2020070900022/file_contents/P2-3.pdf
活用サポート,organic,11,福岡県空き家活用サポートセンター | 一般財団法人 福岡県建築 ...http://www.fkjc.or.jp › jigyo › iekatsu-2,http://www.fkjc.or.jp/jigyo/iekatsu-2
活用サポート,organic,12,小規模事業者支援ガイドブック｜中小機構https://www.smrj.go.jp › tool › supporter › guidebook1,https://www.smrj.go.jp/tool/supporter/guidebook1/
活用サポート,organic,13,READYFORが「継続活用サポート」を開始 プレスリリース ...https://readyfor.jp › 企業ニュース › プレスリリース,https://readyfor.jp/corp/news/159
活用サポート,organic,14,空き家活用サポート補助金 | 安芸高田市https://www.akitakata.jp › shisei › section › jutaku,https://www.akitakata.jp/ja/shisei/section/jutaku/p746/
活用サポート,organic,15,企業支援制度活用サポートチームの設置について - 八十二銀行https://www.82bank.co.jp › file › news20201204,https://www.82bank.co.jp/file.jsp?id=release/2020/news20201204.pdf
活用サポート,organic,16,EPSON PX-A640 活用+サポートガイド - エプソンhttps://www2.epson.jp › ink › NPD3252_00_PRINT,https://www2.epson.jp/support/manual/data/ink/pxa640/NPD3252_00_PRINT.PDF
活用サポート,organic,17,EPSON PM-G860 活用+サポートガイド - エプソンhttps://www2.epson.jp › ink › NPD2974_00_PRINT,https://www2.epson.jp/support/manual/data/ink/pmg860/NPD2974_00_PRINT.PDF
活用サポート,organic,18,NPO法人空家・空地活用サポートSAGA（団体ID ... - CANPANhttps://fields.canpan.info › organization › detail,https://fields.canpan.info/organization/detail/1299536316
活用サポート,organic,19,福岡県空き家活用サポートセンター｜ 都市整備課｜ 市役所の ...https://www.city.koga.fukuoka.jp › ... › 都市整備課,https://www.city.koga.fukuoka.jp/cityhall/work/toshikeikaku/060.php
活用サポート,organic,20,「おおさか地域産業資源活用サポート事業助成金」の公募 ...https://www.osaka.cci.or.jp › fund › koubo,https://www.osaka.cci.or.jp/fund/koubo.html
